id,name,user_id
2004d594-3a7b-4558-b452-4c920c60c6ec,灯,f53ad801-aeef-4d39-9dbc-4042717ee508
323c018e-cc92-4f12-86f5-f47fb2d65f9a,程序员,f53ad801-aeef-4d39-9dbc-4042717ee508
4203c454-d719-43a5-aed4-64a7c0044d2d,科技,f53ad801-aeef-4d39-9dbc-4042717ee508
4aae9abb-4372-4a4a-b60a-afabdc764036,旅行,f53ad801-aeef-4d39-9dbc-4042717ee508
4f20cff6-70f7-4bc9-9794-3e7d01aab320,生活方式,f53ad801-aeef-4d39-9dbc-4042717ee508
5a0f736c-1d7f-4da8-bdb3-7fe8913bbed1,剩女,f53ad801-aeef-4d39-9dbc-4042717ee508
5dc5c5a3-9ede-448a-a456-1406a27635ae,美食,f53ad801-aeef-4d39-9dbc-4042717ee508
6f3b7d4e-56aa-4879-baa6-031a6e935b71,大厂,f53ad801-aeef-4d39-9dbc-4042717ee508
736191ea-5a66-4883-b23b-05bf4d4b533c,探店,f53ad801-aeef-4d39-9dbc-4042717ee508
75b358f2-52ac-40a6-a751-ca89f03cfb31,咖啡,f53ad801-aeef-4d39-9dbc-4042717ee508
77d468b8-43c4-4546-998c-c7789c49d7da,生活,f53ad801-aeef-4d39-9dbc-4042717ee508
82892409-2392-4b32-b4d8-4c98b0742f48,日本,f53ad801-aeef-4d39-9dbc-4042717ee508
90f12ae3-8483-459a-a7ff-6b1c8ca9694b,旅游,f53ad801-aeef-4d39-9dbc-4042717ee508
921e9caa-6a59-4a72-92c3-6923ed58a36f,历史,f53ad801-aeef-4d39-9dbc-4042717ee508
9987ffcb-64fb-495b-9d5e-3de6138bb572,护肤,f53ad801-aeef-4d39-9dbc-4042717ee508
a51d8216-a0a9-466b-889c-b17baa1f5767,健康,f53ad801-aeef-4d39-9dbc-4042717ee508
b5c59c8f-d2b2-44c6-963b-87de2eb3d0fb,交友,f53ad801-aeef-4d39-9dbc-4042717ee508
bbab2e74-2d73-447f-8bac-e43d901974a2,美妆,f53ad801-aeef-4d39-9dbc-4042717ee508
c012aebf-f363-4be8-9506-9bdb2df83883,成长,f53ad801-aeef-4d39-9dbc-4042717ee508
ee67660d-f2ea-48f6-a7c5-39f7ee477d97,职场,f53ad801-aeef-4d39-9dbc-4042717ee508